name,birthday
Name One, 10/12/1991
Name Two, 11/12/1992
Name Three, 12/12/1993
Name Four, 13/12/1994
Name Five, 14/12/1995
Name One1, 10/12/1991
Name Two1, 11/12/1992
Name Three1, 12/12/1993
Name Four1, 13/12/1994
Name Five1, 14/12/1995
Name One2, 10/12/1991
Name Two2, 11/12/1992
Name Three2, 12/12/1993
Name Four2, 13/12/1994
Name Five2, 14/12/1995
Name One3, 10/12/1991
Name Two3, 11/12/1992
Name Three3, 12/12/1993
Name Four3, 13/12/1994
Name Five3, 14/12/1995
Name One4, 10/12/1991
Name Two4, 11/12/1992
Name Three4, 12/12/1993
Name Four4, 13/12/1994
Name Five4, 14/12/1995
Name One5, 10/12/1991
Name Two5, 11/12/1992
Name Three5, 12/12/1993
Name Four5, 13/12/1994
Name Five5, 14/12/1995
Name One6, 10/12/1991
Name Two6, 11/12/1992
Name Three6, 12/12/1993
Name Four6, 13/12/1994
Name Five6, 14/12/1995
Name One7, 10/12/1991
Name Two7, 11/12/1992
Name Three7, 12/12/1993
Name Four7, 13/12/1994
Name Five7, 14/12/1995
Name One8, 10/12/1991
Name Two8, 11/12/1992
Name Three8, 12/12/1993
Name Four8, 13/12/1994
Name Five8, 14/12/1995
Name One9, 10/12/1991
Name Two9, 11/12/1992
Name Three9, 12/12/1993
Name Four9, 13/12/1994
Name Five9, 14/12/1995
Name One10, 10/12/1991
Name Two10, 11/12/1992
Name Three10, 12/12/1993
Name Four10, 13/12/1994
Name Five10, 14/12/1995
Name One11, 10/12/1991
Name Two11, 11/12/1992
Name Three11, 12/12/1993
Name Four11, 13/12/1994
Name Five11, 14/12/1995